page,transcriptions,buttons
index.html,25,0
lessons/0001-speech-apparatus.html,13,0
lessons/0002-ipa-alphabet.html,55,0
lessons/0003-sound-classification.html,89,0
lessons/0004-plosives-p-b.html,16,6
lessons/0005-plosives-t-d.html,28,6
lessons/0006-fricatives-th.html,88,6
lessons/0007-fricatives-f-v.html,31,6
lessons/0008-fricatives-s-z.html,20,4
lessons/0009-fricatives-sh-zh-h.html,61,2
lessons/0010-affricates-ch-j.html,75,4
lessons/0011-nasals-m-n-ng.html,91,3
lessons/0012-approximant-r.html,99,15
lessons/0013-lateral-l-w.html,15,10
lessons/0014-approximant-y.html,60,0
lessons/0015-vowels-i-long.html,92,8
lessons/0016-vowels-e-ae.html,96,8
lessons/0017-vowels-uh-ah.html,108,7
lessons/0018-vowels-u-uh.html,109,8
lessons/0019-vowels-aw-oh.html,91,5
lessons/0020-vowels-ah-aw.html,68,6
lessons/0021-diphthongs.html,109,8
lessons/0022-vowels-schwa-r.html,91,0
lessons/0023-clusters.html,30,0
lessons/0024-linking.html,39,0
lessons/0025-elision-reductions.html,58,0
lessons/0026-syllable-stress.html,51,0
lessons/0027-word-stress.html,60,0
lessons/0028-sentence-stress.html,25,0
lessons/0029-intonation.html,0,0
lessons/0030-rhythm-timing.html,18,0
lessons/0031-thought-groups.html,0,0
lessons/0032-connected-speech.html,0,0
lessons/0033-shadowing.html,0,0
lessons/0034-minimal-pairs.html,77,20
lessons/0035-problem-sounds.html,66,11
lessons/0036-prosody-conversation.html,0,0
lessons/0037-reading-aloud.html,0,0
lessons/0038-final-assessment.html,49,0
mission.html,5,0
plan.html,49,0
recorder.html,27,8
reference/ipa-chart.html,51,45
resources.html,0,0
workout.html,0,0
workout/friday.html,94,46
workout/index.html,23,0
workout/monday.html,127,60
workout/saturday.html,173,54
workout/sunday.html,33,36
workout/thursday.html,119,47
workout/tuesday.html,92,51
workout/wednesday.html,143,49
